<?xml version="1.0" encoding="UTF-8"?>
<article xmlns="http://docbook.org/ns/docbook"
	 xmlns:xlink="http://www.w3.org/1999/xlink"
	 xmlns:p="http://www.w3.org/ns/xproc"
	 xmlns:e="http://www.w3.org/1999/XSL/Spec/ElementSyntax"
	 xmlns:pxp="http://exproc.org/proposed/steps"
	 xml:id="ext.steps"
         version="5.0">
<info>
  <title>Extension Steps</title>
</info>

<para>Calabash implements a number of extension steps
defined in a pipeline library at:
<link xlink:href="library-1.0.xpl">http://xmlcalabash.com/extension/steps/library-1.0.xpl</link>.
</para>

<para>These steps are described in the
<link xlink:href="../../docs/reference/extensions.html#extsteps">reference guide</link>.</para>

</article>
