<?xml version="1.0" encoding="UTF-8"?>
<article xmlns="http://docbook.org/ns/docbook"
	 xmlns:xlink="http://www.w3.org/1999/xlink"
	 xmlns:p="http://www.w3.org/ns/xproc"
	 xmlns:e="http://www.w3.org/1999/XSL/Spec/ElementSyntax"
	 xmlns:pxp="http://exproc.org/proposed/steps"
	 xml:id="ext.functions"
         version="5.0">
<info>
  <title>Extension Functions</title>
</info>

<para>Calabash implements a number of extension functions
described in the
<link xlink:href="../../docs/reference/extensions.html#extfunc">reference guide</link>.
</para>

</article>
