<?xml version="1.0" encoding="UTF-8"?>
<article xmlns="http://docbook.org/ns/docbook"
         xmlns:xlink="http://www.w3.org/1999/xlink"
         xmlns:p="http://www.w3.org/ns/xproc"
         xmlns:e="http://www.w3.org/1999/XSL/Spec/ElementSyntax"
         xmlns:pxp="http://exproc.org/proposed/steps"
         xml:id="extns-xmlunit"
         version="5.0">
<info>
  <title>The XML Calabash “XMLUnit” Namespace</title>
  <pubdate>2016-10-18T15:47:00Z</pubdate>
</info>

<para>See <link xlink:href="/ns/">XML Calabash Namespaces</link>.</para>

</article>
