<?xml version="1.0" encoding="UTF-8"?>
<article xmlns="http://docbook.org/ns/docbook"
	 xmlns:xlink="http://www.w3.org/1999/xlink"
	 xmlns:p="http://www.w3.org/ns/xproc"
	 xmlns:e="http://www.w3.org/1999/XSL/Spec/ElementSyntax"
	 xmlns:pxp="http://exproc.org/proposed/steps"
	 xml:id="extensions"
         version="5.0">
<info>
  <title>XML Calabash Extensions</title>
  <pubdate>2015-05-10T17:11:14Z</pubdate>
</info>

<para>XML Calabash extensions are now described in the
<link xlink:href="../docs/reference/extensions.html">reference guide</link>.</para>

</article>
